q1.min,q1.max
64.9055438267261,227.522192165114
